SAT_Math_mean and std,SAT_Read_mean and std
493.1404958677686,524.8553719008264
93.43930444672947,95.99311867194741
