Spline,Stat Values,coeff
20,0.5854480076524682,1055.0785605713097
20,0.5854480076524682,1055.0785605713097
20,0.5854480076524682,1055.0785605713097
5,0.5854480076524682,1055.0785605713097
