Spline,Stat Values,coeff
20,0.8337132669354284,998.3888428264615
20,0.8337132669354284,998.3888428264615
20,0.8337132669354284,998.3888428264615
20,0.8337132669354284,998.3888428264615
